pattern,count,J_mean,ER_mean
P03,3,0.03685846937978985,0.11720540935672515
P01,3,0.035230178931013496,0.10649413388543823
P02,1,0.03148717948717949,0.09871794871794871
